corpus,genre,book,chapter,segment,offset,role_auto,text_layer,context
gujilab,正史／编年史,晋书,晋书‧卷四十八 列传第十八,jinshu#48,7267,NAME_GUSOU,BODY_OR_UNMARKED,，则汉祖之起，俱无尺土之地，况有国者哉！将谓大晋世世贤圣，而诸侯之胤常不肖邪，则放勋钦明而有丹朱，瞽瞍顽凶而有虞舜。天下有事无不由兵，而无故多树兵本，广开乱原，臣故曰五等不便也。臣以为可如前表，诸王宜大
gujilab,正史／编年史,晋书,晋书‧卷一百零四 载记第四 石勒上,jinshu#102,12220,NAME_GUSOU,BODY_OR_UNMARKED,道过矣，若微孤兄弟，岂能南面称朕哉！根基既立，便欲相图。天不助恶，使假手靳准。孤惟事君之体当资舜求瞽瞍之义，故复推崇令主，齐好如初，何图长恶不悛，杀奉诚之使。帝王之起，复何常邪！赵王、赵帝，孤自取之，名
gujilab,正史／编年史,三国志,魏志卷十九,sanguozhi#19,2816,RITUAL_MUSIC,MARKED_APPARATUS,未之思也若乃不忘经国之大美流千载之英声铭功景钟书名竹帛此自雅量素所蓄也岂与文章相妨害哉辄受所惠窃备蒙瞍歌诵而已敢忘惠施以沗庄氏季绪何足以云其相往来如此甚数植后以骄纵见疏而植故连缀脩不止脩亦不敢自絶至
gujilab,正史／编年史,史记,史记卷一,shiji#1,15218,NAME_GUSOU,MARKED_APPARATUS,生三十一年甲午征用七十九年壬午即真百嵗癸邜崩正义尚书云重华协于帝孔安国云华谓文徳也言其光又重合于尧瞽瞍姓妫妻曰握登见大虹意感而生舜于姚墟故姓姚目重瞳子故曰重华字都君龙顔大口黒色身长六尺一寸】重华父曰瞽叟
gujilab,正史／编年史,史记,史记卷三十六,shiji#36,2533,NAME_GUSOU,BODY_OR_UNMARKED,顼之族【集解服防曰陈祖虞舜舜出颛顼故为颛顼之族】陈氏得政于齐乃卒亡【集解贾逵曰物莫能两盛】自幕至于瞽瞍无违命【集解贾逵曰幕舜后虞思也至于瞽瞍无闻违天命以废絶者郑众曰幕舜之先也骃案国语贾义为长索隐贾逵以幕
gujilab,正史／编年史,史记,史记卷三十六,shiji#36,2552,NAME_GUSOU,MARKED_APPARATUS,颛顼之族】陈氏得政于齐乃卒亡【集解贾逵曰物莫能两盛】自幕至于瞽瞍无违命【集解贾逵曰幕舜后虞思也至于瞽瞍无闻违天命以废絶者郑众曰幕舜之先也骃案国语贾义为长索隐贾逵以幕为虞思非也傅言自幕而至瞽瞍知幕在瞽瞍之
gujilab,正史／编年史,史记,史记卷三十六,shiji#36,2596,NAME_GUSOU,MARKED_APPARATUS,虞思也至于瞽瞍无闻违天命以废絶者郑众曰幕舜之先也骃案国语贾义为长索隐贾逵以幕为虞思非也傅言自幕而至瞽瞍知幕在瞽瞍之前非虞思明矣】舜重之以明德至于遂【集解杜预曰遂舜后盖殷之兴存舜之后而封遂言舜德乃至于遂也
gujilab,正史／编年史,史记,史记卷三十六,shiji#36,2601,NAME_GUSOU,MARKED_APPARATUS,瞽瞍无闻违天命以废絶者郑众曰幕舜之先也骃案国语贾义为长索隐贾逵以幕为虞思非也傅言自幕而至瞽瞍知幕在瞽瞍之前非虞思明矣】舜重之以明德至于遂【集解杜预曰遂舜后盖殷之兴存舜之后而封遂言舜德乃至于遂也索隐重音持
gujilab,正史／编年史,史记,史记卷三十六,shiji#36,2678,NAME_GUSOU,MARKED_APPARATUS,盖殷之兴存舜之后而封遂言舜德乃至于遂也索隐重音持用反杜预以谓舜有明德乃至遂有国义亦然也且文云自幕至瞽瞍无违命舜重之以明德是言舜有明德为天子也乃云殷封遂代守之亦舜徳也宋忠云虞思之后箕伯直柄中衰殷汤封遂于陈
gujilab,正史／编年史,史记,史记卷八十四,shiji#84,2494,RITUAL_MUSIC,MARKED_APPARATUS,行无过失则大人君子所盛美也】巧匠不斵兮孰察其揆正文幽处兮蒙谓之不章【集解王逸曰黒也蒙盲者也诗云蒙瞍奏公章明也】离娄微睇兮瞽以为无明【集解王逸曰离娄古明视者也瞽盲也正义睇田帝反盻也】变白而为黑兮倒上以
gujilab,经部,孟子,离娄上,mengzi#7,3041,NAME_GUSOU,BODY_OR_UNMARKED,己。视天下悦而归己，犹草芥也。惟舜为然。不得乎亲，不可以为人；不顺乎亲，不可以为子。舜尽事亲之道而瞽瞍厎豫，瞽瞍厎豫而天下化，瞽瞍厎豫而天下之为父子者定，此之谓大孝。」
gujilab,经部,孟子,离娄上,mengzi#7,3046,NAME_GUSOU,BODY_OR_UNMARKED,悦而归己，犹草芥也。惟舜为然。不得乎亲，不可以为人；不顺乎亲，不可以为子。舜尽事亲之道而瞽瞍厎豫，瞽瞍厎豫而天下化，瞽瞍厎豫而天下之为父子者定，此之谓大孝。」
gujilab,经部,孟子,离娄上,mengzi#7,3055,NAME_GUSOU,BODY_OR_UNMARKED,。惟舜为然。不得乎亲，不可以为人；不顺乎亲，不可以为子。舜尽事亲之道而瞽瞍厎豫，瞽瞍厎豫而天下化，瞽瞍厎豫而天下之为父子者定，此之谓大孝。」
gujilab,经部,孟子,万章上,mengzi#9,554,NAME_GUSOU,BODY_OR_UNMARKED,得闻命矣；帝之妻舜而不告，何也？」 曰：「帝亦知告焉则不得妻也。」 万章曰：「父母使舜完廪，捐阶，瞽瞍焚廪。使浚井，出，从而揜之。象曰：『谟盖都君咸我绩。牛羊父母，仓廪父母，干戈朕，琴朕，弤朕，二嫂使治
gujilab,经部,孟子,万章上,mengzi#9,1172,NAME_GUSOU,BODY_OR_UNMARKED,也。」 咸丘蒙问曰：「语云：『盛德之士，君不得而臣，父不得而子。』舜南面而立，尧帅诸侯北面而朝之，瞽瞍亦北面而朝之。舜见瞽瞍，其容有蹙。孔子曰：『于斯时也，天下殆哉，岌岌乎！』不识此语诚然乎哉？」 孟子
gujilab,经部,孟子,万章上,mengzi#9,1183,NAME_GUSOU,BODY_OR_UNMARKED,语云：『盛德之士，君不得而臣，父不得而子。』舜南面而立，尧帅诸侯北面而朝之，瞽瞍亦北面而朝之。舜见瞽瞍，其容有蹙。孔子曰：『于斯时也，天下殆哉，岌岌乎！』不识此语诚然乎哉？」 孟子曰：「否。此非君子之言
gujilab,经部,孟子,万章上,mengzi#9,1389,NAME_GUSOU,BODY_OR_UNMARKED,不臣尧，则吾既得闻命矣。《诗》云：『普天之下，莫非王土；率土之滨，莫非王臣。』而舜既为天子矣，敢问瞽瞍之非臣，如何？」 曰：「是诗也，非是之谓也；劳于王事，而不得养父母也。曰：『此莫非王事，我独贤劳也。
gujilab,经部,孟子,万章上,mengzi#9,1585,NAME_GUSOU,BODY_OR_UNMARKED,子父，尊之至也；以天下养，养之至也。《诗》曰：『永言孝思，孝思维则。』此之谓也。《书》曰：『祗载见瞽瞍，夔夔齐栗，瞽瞍亦允若。』是为父不得而子也。」 万章曰：「尧以天下与舜，有诸？」 孟子曰：「否。天子
gujilab,经部,孟子,万章上,mengzi#9,1593,NAME_GUSOU,BODY_OR_UNMARKED,以天下养，养之至也。《诗》曰：『永言孝思，孝思维则。』此之谓也。《书》曰：『祗载见瞽瞍，夔夔齐栗，瞽瞍亦允若。』是为父不得而子也。」 万章曰：「尧以天下与舜，有诸？」 孟子曰：「否。天子不能以天下与人。
gujilab,经部,孟子,告子上,mengzi#11,931,NAME_GUSOU,BODY_OR_UNMARKED,为不善；是故文武兴，则民好善；幽厉兴，则民好暴。』或曰：『有性善，有性不善；是故以尧为君而有象，以瞽瞍为父而有舜；以纣为兄之子且以为君，而有微子启、王子比干。』今曰『性善』，然则彼皆非与？」 孟子曰：「
gujilab,经部,孟子,尽心上,mengzi#13,2258,NAME_GUSOU,BODY_OR_UNMARKED,之义也。人莫大焉亡亲戚、君臣、上下。以其小者信其大者，奚可哉？」 桃应问曰：「舜为天子，皋陶为士，瞽瞍杀人，则如之何？」 孟子曰：「执之而已矣。」 「然则舜不禁与？」 曰：「夫舜恶得而禁之？夫有所受之也
gujilab,经部,诗经,大雅,shijing#242,99,RITUAL_MUSIC,BODY_OR_UNMARKED,翯。王在灵沼，于牣鱼跃。 虡业维枞，贲鼓维镛。于论鼓钟，于乐辟雍。 于论鼓钟，于乐辟雍。鼍鼓逢逢。蒙瞍奏公。
gujilab,经部,春秋左传,昭公（元年～三十二年）,zuozhuan#10,21466,NAME_GUSOU,BODY_OR_UNMARKED,顼之族也。岁在鹑火，是以卒灭，陈将如之。今在析木之津，犹将复由。且陈氏得政于齐而后陈卒亡。自幕至于瞽瞍，无违命。舜重之以明德，置德于遂，遂世守之。及胡公不淫，胡周赐之姓，使祀虞帝。臣闻盛德必百世祀，虞之
gujilab,正史／编年史,资治通鉴,51,zizhi-tongjian#51,3146,NAME_GUSOU,BODY_OR_UNMARKED,禅以为阎太后与帝无母子恩宜徙别馆絶朝见【朝直遥翻见贤遍翻】羣臣议者咸以为宜司徒掾汝南周举谓李郃曰昔瞽瞍常欲杀舜舜事之逾谨【瞽瞍使舜涂廪而自下焚廪使浚井既入从而揜之其欲杀者屡矣而舜事瞽瞍弥谨书曰祗载见瞽瞍
gujilab,正史／编年史,资治通鉴,51,zizhi-tongjian#51,3158,NAME_GUSOU,MARKED_APPARATUS,宜徙别馆絶朝见【朝直遥翻见贤遍翻】羣臣议者咸以为宜司徒掾汝南周举谓李郃曰昔瞽瞍常欲杀舜舜事之逾谨【瞽瞍使舜涂廪而自下焚廪使浚井既入从而揜之其欲杀者屡矣而舜事瞽瞍弥谨书曰祗载见瞽瞍防防斋栗掾俞绢翻郃曷閤翻
gujilab,正史／编年史,资治通鉴,51,zizhi-tongjian#51,3187,NAME_GUSOU,MARKED_APPARATUS,南周举谓李郃曰昔瞽瞍常欲杀舜舜事之逾谨【瞽瞍使舜涂廪而自下焚廪使浚井既入从而揜之其欲杀者屡矣而舜事瞽瞍弥谨书曰祗载见瞽瞍防防斋栗掾俞绢翻郃曷閤翻又古合翻】郑武姜谋杀庄公庄公誓之黄泉秦始皇怨母失行【行上孟
gujilab,正史／编年史,资治通鉴,51,zizhi-tongjian#51,3196,NAME_GUSOU,MARKED_APPARATUS,瞍常欲杀舜舜事之逾谨【瞽瞍使舜涂廪而自下焚廪使浚井既入从而揜之其欲杀者屡矣而舜事瞽瞍弥谨书曰祗载见瞽瞍防防斋栗掾俞绢翻郃曷閤翻又古合翻】郑武姜谋杀庄公庄公誓之黄泉秦始皇怨母失行【行上孟翻】乆而隔絶后感颍
