corpus,genre,book,chars,segments,瞍,瞽瞍,矇瞍,蒙瞍,瞍人,朦瞍,瞽叟,馊,叟,瞽,𥈃,𥈟,per_million,NAME_GUSOU,RITUAL_MUSIC,EXPLICIT_SOU_REN,UNRESOLVED
gujilab,字书,说文解字,139793,9831,0,0,0,0,0,0,0,0,0,1,0,0,0.0,0,0,0,0
gujilab,正史／编年史,三国志,734359,65,1,0,0,1,0,0,0,0,11,4,0,0,1.3617,0,1,0,0
gujilab,正史／编年史,北史,1359703,99,0,0,0,0,0,0,0,0,31,8,0,0,0.0,0,0,0,0
gujilab,正史／编年史,北齐书,260600,49,0,0,0,0,0,0,0,0,1,0,0,0,0.0,0,0,0,0
gujilab,正史／编年史,南史,365121,80,0,0,0,0,0,0,0,0,5,1,0,0,0.0,0,0,0,0
gujilab,正史／编年史,南齐书,350756,59,0,0,0,0,0,0,0,0,1,4,0,0,0.0,0,0,0,0
gujilab,正史／编年史,史记,1111237,130,7,6,0,1,0,0,20,0,26,44,0,0,6.2993,6,1,0,0
gujilab,正史／编年史,后汉书,1213130,130,0,0,0,0,0,0,7,0,33,30,0,0,0.0,0,0,0,0
gujilab,正史／编年史,周书,317651,49,0,0,0,0,0,0,0,0,3,4,0,0,0.0,0,0,0,0
gujilab,正史／编年史,宋书,1001090,100,0,0,0,0,0,0,0,0,5,7,0,0,0.0,0,0,0,0
gujilab,正史／编年史,晋书,1426527,128,2,2,0,0,0,0,1,0,18,16,0,0,1.402,2,0,0,0
gujilab,正史／编年史,梁书,359827,56,0,0,0,0,0,0,0,0,5,2,0,0,0.0,0,0,0,0
gujilab,正史／编年史,汉书,895242,101,0,0,0,0,0,0,3,0,6,14,0,0,0.0,0,0,0,0
gujilab,正史／编年史,资治通鉴,4697829,294,4,4,0,0,0,0,1,0,52,21,0,0,0.8515,4,0,0,0
gujilab,正史／编年史,陈书,198029,36,0,0,0,0,0,0,0,0,3,4,0,0,0.0,0,0,0,0
gujilab,正史／编年史,隋书,866408,85,0,0,0,0,0,0,0,0,1,5,0,0,0.0,0,0,0,0
gujilab,正史／编年史,魏书,1225938,130,0,0,0,0,0,0,0,0,40,18,0,0,0.0,0,0,0,0
gujilab,经部,中庸,4494,1,0,0,0,0,0,0,0,0,0,0,0,0,0.0,0,0,0,0
gujilab,经部,周易,36881,69,0,0,0,0,0,0,0,0,0,0,0,0,0.0,0,0,0,0
gujilab,经部,大学,2224,1,0,0,0,0,0,0,0,0,0,0,0,0,0.0,0,0,0,0
gujilab,经部,孝经,2282,18,0,0,0,0,0,0,0,0,0,0,0,0,0.0,0,0,0,0
gujilab,经部,孟子,45520,14,11,11,0,0,0,0,0,0,4,11,0,0,241.652,11,0,0,0
gujilab,经部,尔雅,20072,19,0,0,0,0,0,0,0,0,0,0,0,0,0.0,0,0,0,0
gujilab,经部,尚书,36171,57,0,0,0,0,0,0,1,0,1,4,0,0,0.0,0,0,0,0
gujilab,经部,春秋公羊传,74888,12,0,0,0,0,0,0,0,0,0,0,0,0,0.0,0,0,0,0
gujilab,经部,春秋左传,264268,12,1,1,0,0,0,0,0,0,0,3,0,0,3.784,1,0,0,0
gujilab,经部,春秋穀梁传,42186,12,0,0,0,0,0,0,0,0,0,0,0,0,0.0,0,0,0,0
gujilab,经部,礼记,131236,47,0,0,0,0,0,0,0,0,0,11,0,0,0.0,0,0,0,0
gujilab,经部,论语,21970,20,0,0,0,0,0,0,0,0,0,3,0,0,0.0,0,0,0,0
gujilab,经部,诗经,37955,305,1,0,0,1,0,0,0,0,2,2,0,0,26.347,0,1,0,0
